{"cameraMode":{"drawMode":0,"name":"Shaded","section":"Shading Mode"},"sceneLighting":false,"audioPlay":false,"sceneViewState":{"m_AlwaysRefresh":false,"showFog":true,"showSkybox":false,"showFlares":true,"showImageEffects":true,"showParticleSystems":true,"showVisualEffectGraphs":true,"m_FxEnabled":true},"in2DMode":false,"pivot":{"x":5.6488423347473148,"y":0.2256026268005371,"z":3.7823965549468996},"rotation":{"x":0.004236246459186077,"y":-0.7081539034843445,"z":0.004248975310474634,"w":0.7060326337814331},"size":0.707177460193634,"orthographic":false}