{"cameraMode":{"drawMode":0,"name":"Shaded","section":"Shading Mode"},"sceneLighting":false,"audioPlay":false,"sceneViewState":{"m_AlwaysRefresh":false,"showFog":true,"showSkybox":false,"showFlares":true,"showImageEffects":true,"showParticleSystems":true,"showVisualEffectGraphs":true,"m_FxEnabled":true},"in2DMode":false,"pivot":{"x":-4.3590593338012699,"y":-0.010601997375488282,"z":-3.650486469268799},"rotation":{"x":0.23681701719760896,"y":0.32345694303512576,"z":-0.0840359553694725,"w":0.9123129844665527},"size":1.8106913566589356,"orthographic":false}