{"cameraMode":{"drawMode":0,"name":"Shaded","section":"Shading Mode"},"sceneLighting":false,"audioPlay":false,"sceneViewState":{"m_AlwaysRefresh":false,"showFog":true,"showSkybox":false,"showFlares":true,"showImageEffects":true,"showParticleSystems":true,"showVisualEffectGraphs":true,"m_FxEnabled":true},"in2DMode":false,"pivot":{"x":0.680904746055603,"y":0.5750194191932678,"z":1.3293054103851319},"rotation":{"x":0.06879368424415589,"y":-0.927233874797821,"z":0.21121829748153687,"w":0.30163484811782839},"size":0.37043195962905886,"orthographic":false}